{
  "AWSEBDockerrunVersion": 2,
  "containerDefinitions": [
    {
      "name": "client",
      "image": "quyenh2511/multi-client",
      "hostname": "client",
      "essential": false,
      "memory": 128
    },
    {
      "name": "nginx",
      "image": "quyenh2511/multi-nginx",
      "hostname": "nginx",
      "essential": true,
      "portMappings": [
        {
          "hostPort": 80,
          "containerPort": 80
        }
      ],
      "links": [
        "client",
        "server"
      ],
      "memory": 128
    },
    {
      "name": "worker",
      "image": "quyenh2511/multi-worker",
      "hostname": "worker",
      "essential": false,
      "memory": 128
    },
    {
      "name": "server",
      "image": "quyenh2511/multi-server",
      "hostname": "api",
      "essential": false,
      "memory": 128
    }
  ]
}